{"cameraMode":{"drawMode":0,"name":"Shaded","section":"Shading Mode"},"sceneLighting":false,"audioPlay":false,"sceneViewState":{"showFog":true,"showMaterialUpdate":false,"showSkybox":true,"showFlares":true,"showImageEffects":true,"showParticleSystems":true},"in2DMode":false,"pivot":{"x":13.92281723022461,"y":-10.847627639770508,"z":20.20661163330078},"rotation":{"x":-0.23446394503116609,"y":-0.07079686224460602,"z":0.01712338998913765,"w":-0.9693942666053772},"size":30.390405654907228,"orthographic":false}