{"cameraMode":{"drawMode":0,"name":"Shaded","section":"Shading Mode"},"sceneLighting":true,"audioPlay":false,"sceneViewState":{"showFog":true,"showMaterialUpdate":false,"showSkybox":true,"showFlares":true,"showImageEffects":true,"showParticleSystems":true},"in2DMode":false,"pivot":{"x":4.126953125,"y":1.5067138671875,"z":-7.666748046875},"rotation":{"x":-0.03453793004155159,"y":0.9420360326766968,"z":-0.10243209451436997,"w":-0.31762486696243288},"size":6.331910133361816,"orthographic":true}